{
    "tags": {
        "allowUnknownTags": true,
        "dictionaries": ["jsdoc"]
    },
    "source": {
        "include": ["src/components/chatwindow/chatWindow.js"],
        "includePattern": ".js$",
        "excludePattern": "(node_modules/|docs)"
    },
    "plugins": [
        "plugins/markdown"
    ],
    "templates": {
        "cleverLinks": false,
        "monospaceLinks": true,
        "useLongnameInNav": false,
        "showInheritedInNav": true
    },
    "opts": {
        "destination": "./docs/chatwindow/api",
        "encoding": "utf8",
        "private": true,
        "recurse": false
    }
}